<application>
  <component name="ProjectJdkTable">
    <jdk version="2">
      <name value="Python 3.6 (backtesting)" />
      <type value="Python SDK" />
      <version value="Python 3.6.12" />
      <homePath value="D:\Anaconda3-32\envs\trader\python.exe" />
      <roots>
        <classPath>
          <root type="composite">
            <root url="file://D:/Anaconda3-32/envs/trader/DLLs" type="simple" />
            <root url="file://D:/Anaconda3-32/envs/trader/Lib" type="simple" />
            <root url="file://D:/Anaconda3-32/envs/trader" type="simple" />
            <root url="file://D:/Anaconda3-32/envs/trader/Lib/site-packages" type="simple" />
            <root url="file://$USER_HOME$/.PyCharm2018.3/system/python_stubs/789732042" type="simple" />
            <root url="file://$APPLICATION_HOME_DIR$/helpers/python-skeletons" type="simple" />
            <root url="file://$APPLICATION_HOME_DIR$/helpers/typeshed/stdlib/3" type="simple" />
            <root url="file://$APPLICATION_HOME_DIR$/helpers/typeshed/stdlib/2and3" type="simple" />
            <root url="file://$APPLICATION_HOME_DIR$/helpers/typeshed/third_party/3" type="simple" />
            <root url="file://$APPLICATION_HOME_DIR$/helpers/typeshed/third_party/2and3" type="simple" />
          </root>
        </classPath>
        <sourcePath>
          <root type="composite" />
        </sourcePath>
      </roots>
      <additional ASSOCIATED_PROJECT_PATH="C:/Project/backtesting" />
    </jdk>
    <jdk version="2">
      <name value="Python 3.7" />
      <type value="Python SDK" />
      <version value="Python 3.7.6" />
      <homePath value="D:\Anaconda3\python.exe" />
      <roots>
        <classPath>
          <root type="composite">
            <root url="file://D:/Anaconda3/DLLs" type="simple" />
            <root url="file://D:/Anaconda3/Lib" type="simple" />
            <root url="file://D:/Anaconda3" type="simple" />
            <root url="file://$USER_HOME$/AppData/Roaming/Python/Python37/site-packages" type="simple" />
            <root url="file://D:/Anaconda3/Lib/site-packages" type="simple" />
            <root url="file://D:/Anaconda3/Lib/site-packages/win32" type="simple" />
            <root url="file://D:/Anaconda3/Lib/site-packages/win32/lib" type="simple" />
            <root url="file://D:/Anaconda3/Lib/site-packages/pythonwin" type="simple" />
            <root url="file://$USER_HOME$/.PyCharm2018.3/system/python_stubs/-2036615904" type="simple" />
            <root url="file://$APPLICATION_HOME_DIR$/helpers/python-skeletons" type="simple" />
            <root url="file://$APPLICATION_HOME_DIR$/helpers/typeshed/stdlib/3" type="simple" />
            <root url="file://$APPLICATION_HOME_DIR$/helpers/typeshed/stdlib/2and3" type="simple" />
            <root url="file://$APPLICATION_HOME_DIR$/helpers/typeshed/third_party/3" type="simple" />
            <root url="file://$APPLICATION_HOME_DIR$/helpers/typeshed/third_party/2and3" type="simple" />
          </root>
        </classPath>
        <sourcePath>
          <root type="composite" />
        </sourcePath>
      </roots>
      <additional />
    </jdk>
  </component>
</application>