<application>
  <component name="PropertiesComponent">
    <property name="CommitChangeListDialog.DETAILS_SPLITTER_PROPORTION_2" value="0.91436464" />
    <property name="CommittedChanges.SplitterProportions.0" value="700" />
    <property name="CommittedChanges.SplitterProportions.1" value="500" />
    <property name="Copy.OpenInEditor" value="true" />
    <property name="DocumentationAutoUpdateEnabled" value="true" />
    <property name="ExpandBeforeRunStepsPanel" value="true" />
    <property name="ExpandRunDashboardTypesPanel" value="false" />
    <property name="KEYMAP" value="select in&#10;menu&#10;show&#10;delete&#10;move care" />
    <property name="PACKAGE_FILTER" value="mysql&#10;PYQt&#10;pandas&#10;big_O&#10;keras" />
    <property name="PyCharm.InitialConfiguration" value="true" />
    <property name="PyCharm.InitialConfiguration.V2" value="true" />
    <property name="PyCharm.InitialConfiguration.V3" value="true" />
    <property name="PyCharm.InitialConfiguration.V4" value="true" />
    <property name="PyCharm.InitialConfiguration.V5" value="true" />
    <property name="PyCharm.InitialConfiguration.V6" value="true" />
    <property name="PyCharm.InitialConfiguration.V7" value="true" />
    <property name="PyCharm.initialConfigurationShown" value="true" />
    <property name="SettingsSearchHistory" value="python&#10;n&#10;mem&#10;encod&#10;encoding" />
    <property name="ShowDocumentationInToolWindow" value="false" />
    <property name="TEMPLATES_FILTER_HISTORY" value="python&#10;inter&#10;pych" />
    <property name="TrendingPluginsSearchHistory" value="presentation-assistan&#10;show&#10;gitignore" />
    <property name="file.chooser.recent.files" value="$USER_HOME$/Downloads/backtrader-master/backtrader-master&#10;D:/Anaconda3-32/envs/trader/python.exe&#10;D:/Anaconda3-32/Scripts/conda.exe&#10;D:/Anaconda3-32/envs&#10;C:/Project/backtesting&#10;C:/Users/kimta/Downloads/terryjo.github.io-master/terryjo.github.io-master&#10;C:/Users/kimta/Downloads/auto_trade-master/auto_trade-master&#10;C:/Users/kimta/Downloads/pyTrader-master/pyTrader-master&#10;C:/Project/XingBroker&#10;C:/Users/kimta/Downloads/xingapi_stock-master/xingapi_stock-master&#10;C:/Users/kimta/Downloads/EBestAPI_Python-master/EBestAPI_Python-master&#10;C:/Project&#10;C:/Users/kimta/Downloads/cppy-master/cppy-master/cppy&#10;D:/Anaconda3/Scripts/conda.exe&#10;D:/Anaconda3/envs&#10;D:/settings.jar&#10;C:/Project/TooConcern&#10;C:/Project/LeetCode&#10;C:/Anaconda3/python.exe&#10;C:/Project/stock/ko-stock-rl&#10;C:/Users/kimta/Downloads/book-master/book-master&#10;C:/Project/stock/tf_deep_rl_trader&#10;C:/Users/kimta/Downloads/abu-master/abu-master&#10;C:/Users/kimta/Downloads/Trendy-master/Trendy-master&#10;C:/Users/kimta/Downloads&#10;C:/Users/kimta/Downloads/tf_deep_rl_trader-master/tf_deep_rl_trader-master&#10;C:/Users/kimta/AppData/Local/Programs/Python/Python37-32/python.exe&#10;C:/Project/stock/AI&#10;C:/Project/stock/deep_rl_trader&#10;C:/Project/stock/MarketEnv-Kr" />
    <property name="file.gist.reindex.count" value="1514718" />
    <property name="fileTypeChangedCounter" value="3" />
    <property name="lastTip" value="1" />
    <property name="org.intellij.images.editor.actions.BackgroundImageDialog#recent" value="" />
    <property name="quick.doc.font.size" value="SMALL" />
    <property name="settings.code.style.selected.tab.Python" value="Wrapping and Braces" />
    <property name="ts.lib.d.ts.version" value="3.2.1" />
  </component>
  <component name="PyTestFrameworkService">
    <option name="SDK_TO_PYTEST">
      <map>
        <entry key="C:\ProgramData\Anaconda3\python.exe" value="true" />
        <entry key="C:\Users\kimta\Anaconda3\envs\Quant_stock-master\python.exe" value="false" />
        <entry key="C:\Users\kimta\Anaconda3\envs\deep\python.exe" value="false" />
        <entry key="C:\Users\kimta\Anaconda3\envs\deep_rl_trader\python.exe" value="false" />
        <entry key="C:\Users\kimta\Anaconda3\envs\ml2\python.exe" value="false" />
        <entry key="C:\Users\kimta\Anaconda3\envs\ml\python.exe" value="true" />
        <entry key="C:\Users\kimta\Anaconda3\envs\tf\python.exe" value="false" />
        <entry key="C:\Users\kimta\Anaconda3\python.exe" value="true" />
        <entry key="C:\Users\kimta\AppData\Local\Programs\Python\Python37-32\python.exe" value="true" />
        <entry key="C:\Users\kimta\AppData\Local\conda\conda\envs\tensor\python.exe" value="false" />
        <entry key="D:\Anaconda3-32\envs\trader\python.exe" value="false" />
        <entry key="D:\Anaconda32-1\envs\MachineLearning\Scripts\python.exe" value="false" />
        <entry key="D:\Anaconda32-1\envs\trader35\python.exe" value="false" />
        <entry key="D:\Anaconda32-1\envs\trader\Scripts\python.exe" value="true" />
        <entry key="D:\Anaconda32-1\python.exe" value="true" />
        <entry key="D:\Anaconda32\envs\cybos32bit\python.exe" value="false" />
        <entry key="D:\Anaconda32\envs\trader351\python.exe" value="false" />
        <entry key="D:\Anaconda32\python.exe" value="true" />
        <entry key="D:\MachingLeaning\Scripts\python.exe" value="false" />
        <entry key="D:\leetCodeAlgorithm\Scripts\python.exe" value="false" />
      </map>
    </option>
    <option name="SDK_TO_NOSETEST">
      <map>
        <entry key="C:\ProgramData\Anaconda3\python.exe" value="true" />
        <entry key="C:\Users\kimta\Anaconda3\envs\Quant_stock-master\python.exe" value="false" />
        <entry key="C:\Users\kimta\Anaconda3\envs\deep\python.exe" value="false" />
        <entry key="C:\Users\kimta\Anaconda3\envs\deep_rl_trader\python.exe" value="false" />
        <entry key="C:\Users\kimta\Anaconda3\envs\ml2\python.exe" value="false" />
        <entry key="C:\Users\kimta\Anaconda3\envs\ml\python.exe" value="true" />
        <entry key="C:\Users\kimta\Anaconda3\envs\tf\python.exe" value="false" />
        <entry key="C:\Users\kimta\Anaconda3\python.exe" value="true" />
        <entry key="C:\Users\kimta\AppData\Local\Programs\Python\Python37-32\python.exe" value="false" />
        <entry key="C:\Users\kimta\AppData\Local\conda\conda\envs\tensor\python.exe" value="false" />
        <entry key="D:\Anaconda3-32\envs\trader\python.exe" value="false" />
        <entry key="D:\Anaconda32-1\envs\MachineLearning\Scripts\python.exe" value="false" />
        <entry key="D:\Anaconda32-1\envs\trader35\python.exe" value="false" />
        <entry key="D:\Anaconda32-1\envs\trader\Scripts\python.exe" value="true" />
        <entry key="D:\Anaconda32\envs\cybos32bit\python.exe" value="false" />
        <entry key="D:\Anaconda32\envs\trader351\python.exe" value="false" />
        <entry key="D:\Anaconda32\python.exe" value="true" />
        <entry key="D:\MachingLeaning\Scripts\python.exe" value="false" />
        <entry key="D:\leetCodeAlgorithm\Scripts\python.exe" value="false" />
      </map>
    </option>
    <option name="SDK_TO_TRIALTEST">
      <map>
        <entry key="C:\ProgramData\Anaconda3\python.exe" value="false" />
        <entry key="C:\Users\kimta\Anaconda3\envs\Quant_stock-master\python.exe" value="false" />
        <entry key="C:\Users\kimta\Anaconda3\envs\deep\python.exe" value="false" />
        <entry key="C:\Users\kimta\Anaconda3\envs\deep_rl_trader\python.exe" value="false" />
        <entry key="C:\Users\kimta\Anaconda3\envs\ml2\python.exe" value="false" />
        <entry key="C:\Users\kimta\Anaconda3\envs\ml\python.exe" value="false" />
        <entry key="C:\Users\kimta\Anaconda3\envs\tf\python.exe" value="false" />
        <entry key="C:\Users\kimta\Anaconda3\python.exe" value="false" />
        <entry key="C:\Users\kimta\AppData\Local\Programs\Python\Python37-32\python.exe" value="false" />
        <entry key="C:\Users\kimta\AppData\Local\conda\conda\envs\tensor\python.exe" value="false" />
        <entry key="D:\Anaconda3-32\envs\trader\python.exe" value="false" />
        <entry key="D:\Anaconda32-1\envs\MachineLearning\Scripts\python.exe" value="false" />
        <entry key="D:\Anaconda32-1\envs\trader35\python.exe" value="false" />
        <entry key="D:\Anaconda32-1\envs\trader\Scripts\python.exe" value="false" />
        <entry key="D:\Anaconda32\envs\cybos32bit\python.exe" value="false" />
        <entry key="D:\Anaconda32\envs\trader351\python.exe" value="false" />
        <entry key="D:\Anaconda32\python.exe" value="false" />
        <entry key="D:\MachingLeaning\Scripts\python.exe" value="false" />
        <entry key="D:\leetCodeAlgorithm\Scripts\python.exe" value="false" />
      </map>
    </option>
  </component>
</application>